"post_title","post_name","ID","post_excerpt","post_content","post_status","menu_order","post_date","post_parent","post_author","comment_status","sku","downloadable","virtual","visibility","stock","stock_status","backorders","manage_stock","regular_price","sale_price","weight","length","width","height","tax_status","tax_class","upsell_ids","crosssell_ids","featured","sale_price_dates_from","sale_price_dates_to","download_limit","download_expiry","product_url","button_text","meta:_yoast_wpseo_focuskw","meta:_yoast_wpseo_title","meta:_yoast_wpseo_metadesc","meta:_yoast_wpseo_metakeywords","images","downloadable_files","tax:pwb-brand","tax:product_type","tax:product_visibility","tax:product_cat","tax:product_tag","tax:product_shipping_class","meta:cwg_total_subscribers","meta:is_embed_landing_url","meta:max_quantity","meta:min_quantity","meta:plus_discount_discount_1","meta:plus_discount_discount_2","meta:plus_discount_discount_3","meta:plus_discount_discount_4","meta:plus_discount_discount_5","meta:plus_discount_enabled","meta:plus_discount_product_display","meta:plus_discount_quantity_1","meta:plus_discount_quantity_2","meta:plus_discount_quantity_3","meta:plus_discount_quantity_4","meta:plus_discount_quantity_5","meta:plus_discount_text_info","meta:plus_discount_type","meta:pv_commission_rate","meta:slide_template","meta:total_sales","meta:woodmart_total_stock_quantity","meta:woodmart_variation_gallery_data","meta:woosb_disable_auto_price","meta:woosb_discount","meta:woosb_discount_amount","meta:woosb_limit_each_max","meta:woosb_limit_each_min","meta:woosb_limit_each_min_default","meta:woosb_limit_whole_max","meta:woosb_limit_whole_min","meta:woosb_manage_stock","meta:woosb_optional_products","meta:woosb_shipping_fee","meta:woosb_update_price","attribute:pa_flavour","attribute_data:pa_flavour","attribute_default:pa_flavour","attribute:pa_weight","attribute_data:pa_weight","attribute_default:pa_weight"
"MUSCLETECH NITROTECH PERFORMANCE SERIES","muscletech-essential-series-platinum-100-l-carnitine","47","","","publish","0","2017-06-14 08:24:57","0","1","open","","no","no","","","instock","no","no","6400","3550","","","","","taxable","","","","no","","","'-1","'-1","","","","","","","https://dailydose.fit/wp-content/uploads/2017/06/MUSCLETECH-NITROTECH-PERFORMANCE-SERIES.jpg | https://dailydose.fit/wp-content/uploads/2017/06/MUSCLETECH-NITROTECH-PERFORMANCE-SERIES1.jpg","","MuscleTech","simple","","Proteins","","","0","","","","","","","","","","","","","","","","","","","default","60","","[]","","","","","","","","","","","","","Milk chocolate|Strawberry|Vanilla","1|1|1","","4LBS","0|1|1",""
"MUSCLETECH NITROTECH RIPPED","muscletech-nitrotech-ripped-2","3050","","","publish","0","2019-09-24 09:18:21","0","1","open","","no","no","","","instock","no","no","7500","4050","","","","","taxable","","","","no","","","'-1","'-1","","","","","","","https://dailydose.fit/wp-content/uploads/2019/09/MUSCLETECH-NITROTECH-RIPPED.jpg","","MuscleTech","simple","","Proteins","","","0","","","","","","","","","yes","no","","","","","","tesdfg","quantity","","default","15","","{""3052"":""3012,3014,3013,3012""}","","","","","","","","","","","","","","","","4LBS","1|1|1",""
"DYMATIZE NUTRITION WHEY PROTEIN ISOLATE (ISO100)","dymatize-nutrition-whey-protein-isolate-iso100","4098","","","publish","0","2019-10-25 06:37:51","0","1","open","","no","no","","","instock","no","no","4299","1750","","","","","taxable","","","","no","","","'-1","'-1","","","","","","","https://dailydose.fit/wp-content/uploads/2019/10/DYMATIZE-NUTRITION-WHEY-PROTEIN-ISOLATE-_ISO100_.jpg | https://dailydose.fit/wp-content/uploads/2019/10/DYMATIZE-NUTRITION-WHEY-PROTEIN-ISOLATE-ISO1001.jpg","","Dymatize","simple","","Proteins","","","0","","","","","","","","","","","","","","","","","","","default","0","","","","","","","","","","","","","","","","","","725GM","0|1|1",""
"MUSCLEPHARM (MP) COMBAT 100% WHEY","musclepharm-mp-combat-100-whey","4104","","","publish","0","2019-10-25 06:43:08","0","1","open","","no","no","","","instock","no","no","6799","3850","","","","","taxable","","","","no","","","'-1","'-1","","","","","","","https://dailydose.fit/wp-content/uploads/2019/10/MUSCLEPHARM-MP-COMBAT-100-WHEY.jpg | https://dailydose.fit/wp-content/uploads/2019/10/MUSCLEPHARM-_MP_-COMBAT-100_-WHEY2.jpg","","","simple","","Proteins","","","0","","","","","","","","","","","","","","","","","","","default","0","","","","","","","","","","","","","","","","","","2.27 KG","0|1|1",""
"QNT PRIMEE WHEY PROTEIN","qnt-primee-whey-protein","4110","","","publish","0","2019-10-25 06:48:12","0","1","open","","no","no","","","instock","no","no","6000","3000","","","","","taxable","","","","no","","","'-1","'-1","","","","","","","https://dailydose.fit/wp-content/uploads/2019/10/QNT-PRIMEE-WHEY-PROTEIN2.jpg","","","simple","","Proteins","","","0","","","","","","","","","","","","","","","","","","","default","0","","","","","","","","","","","","","","","","","","2 KG","0|1|1",""
"BSN SYNTHA-6 PROTEIN POWDER","bsn-syntha-6-protein-powder","4114","","","publish","0","2019-10-25 06:55:17","0","1","open","","no","no","","","instock","no","no","6999","3400","","","","","taxable","","","","no","","","'-1","'-1","","","","","","","https://dailydose.fit/wp-content/uploads/2019/10/BSN-SYNTHA-6-PROTEIN-POWDER1.jpg | https://dailydose.fit/wp-content/uploads/2019/10/BSN-SYNTHA-6-PROTEIN-POWDER.jpg","","BSN","simple","","Proteins","","","0","","","","","","","","","","","","","","","","","","","default","0","","[]","","","","","","","","","","","","","","","","2.27KG|5LBS","0|1|1",""
"DYMATIZE ELITE 100% WHEY PROTEIN POWDER","dymatize-elite-100-whey-protein-powder","4117","","","publish","0","2019-10-25 06:59:00","0","1","open","","no","no","","","instock","no","no","7499","4050","","","","","taxable","","","","no","","","'-1","'-1","","","","","","","https://dailydose.fit/wp-content/uploads/2019/10/DYMATIZE-ELITE-100_-WHEY-PROTEIN-POWDER1.jpg | https://dailydose.fit/wp-content/uploads/2019/10/DYMATIZE-ELITE-100_-WHEY-PROTEIN-POWDER2.jpg","","Dymatize","simple","","Proteins","","","0","0","","","","","","","","","","","","","","","","","","default","0","","","","","","","","","","","","","","","","","","2.26KG|5LBS","0|1|1",""
"ISOPURE LOW CARB 100% WHEY PROTEIN ISOLATE POWDER","isopure-low-carb-100-whey-protein-isolate-powder","4118","","","publish","0","2019-10-25 07:01:27","0","1","open","","no","no","","","instock","no","no","14299","9100","","","","","taxable","","","","no","","","'-1","'-1","","","","","","","https://dailydose.fit/wp-content/uploads/2019/10/ISOPURE-LOW-CARB-100-WHEY-PROTEIN-ISOLATE-POWDER-1.jpg | https://dailydose.fit/wp-content/uploads/2019/10/ISOPURE-LOW-CARB-100-WHEY-PROTEIN-ISOLATE-POWDER1.jpg","","","simple","","Proteins","","","0","","","","","","","","","","","","","","","","","","","default","0","","","","","","","","","","","","","","","","","","3.4 KG|7.5 LBS","0|1|1",""
"QNT MASS METAPURE WHEY ISOLATE","qnt-mass-metapure-whey-isolate","4121","","","publish","0","2019-10-25 07:13:45","0","1","open","","no","no","","","instock","no","no","1231","231","","","","","taxable","","","","no","","","'-1","'-1","","","","","","","https://dailydose.fit/wp-content/uploads/2019/10/QNT-MASS-METAPURE-WHEY-ISOLATE-1.jpg | https://dailydose.fit/wp-content/uploads/2019/10/QNT-MASS-METAPURE-WHEY-ISOLATE1.jpg","","","simple","","Proteins","","","0","","","","","","","","","","","","","","","","","","","default","0","","","","","","","","","","","","","","","","","","1115 GM","0|1|1",""
"RC KING WHEY PREMIUM WHEY PROTEIN","rc-king-whey-premium-whey-protein","4122","","","publish","0","2019-10-25 07:16:45","0","1","open","","no","no","","","instock","no","no","6749","0000","","","","","taxable","","","","no","","","'-1","'-1","","","","","","","https://dailydose.fit/wp-content/uploads/2019/10/Ronnie-Coleman-King-Whey-Chocolate-Brownie.jpg","","","simple","","Proteins","","","0","","","","","","","","","","","","","","","","","","","default","0","","","","","","","","","","","","","","","","","","5LBS","0|1|1",""
"DYMATIZE SUPER MASS GAINER","dymatize-super-mass-gainer","4124","","","publish","0","2019-10-25 07:18:58","0","1","open","","no","no","","","instock","no","no","3899","2400","","","","","taxable","","","","no","","","'-1","'-1","","","","","","","https://dailydose.fit/wp-content/uploads/2019/10/DYMATIZE-SUPER-MASS-GAINER.jpg","","Dymatize","variable","","Gainers","","","0","","","","","","","","","","","","","","","","","","","default","0","","[]","","","","","","","","","","","","","Cooki cream|Pink Mango","1|1|1","","12 LBS|6LBS","0|1|1",""
"LABRADA MUSCLE MASS GAINER","labrada-muscle-mass-gainer","4128","","","publish","0","2019-10-25 07:25:44","0","1","open","","no","no","","","instock","no","no","6800","3800","","","","","taxable","","","","no","","","'-1","'-1","","","","","","","https://dailydose.fit/wp-content/uploads/2019/10/LABRADA-MUSCLE-MASS-GAINER-1.jpg | https://dailydose.fit/wp-content/uploads/2019/10/LABRADA-MUSCLE-MASS-GAINER2-1.jpg","","","variable","","Gainers","","","0","","","","","","","","","","","","","","","","","","","","1","","[]","","","","","","","","","","","","","","","","11 LBS|6LBS","0|1|1",""
"MUSCLETECH PERFORMANCE SERIES MASSTECH","muscletech-performance-series-masstech","4129","","","publish","0","2019-10-25 07:26:48","0","1","open","","no","no","","","instock","no","no","6500","2600","","","","","taxable","","","","no","","","'-1","'-1","","","","","","","https://dailydose.fit/wp-content/uploads/2019/10/MUSCLETECH-PERFORMANCE-SERIES-MASSTECH.jpg","","MuscleTech","simple","","Gainers","","","0","","","","","","","","","","","","","","","","","","","","0","","","","","","","","","","","","","","","","","","6LBS","0|1|1",""
"OPTIMUM NUTRITION(ON) SERIOUS MASS GAINER POWDER","optimum-nutritionon-serious-mass-gainer-powder","4131","","","publish","0","2019-10-25 07:29:50","0","1","open","","no","no","","","instock","no","no","6000","3000","","","","","taxable","","","","no","","","'-1","'-1","","","","","","","https://dailydose.fit/wp-content/uploads/2019/10/OPTIMUM-NUTRITIONON-SERIOUS-MASS-GAINER-POWDER-1.jpg | https://dailydose.fit/wp-content/uploads/2019/10/OPTIMUM-NUTRITIONON-SERIOUS-MASS-GAINER-POWDER2-1.jpg","","Optimum Nutrition","variable","","Gainers","","","0","","","","","","","","","","","","","","","","","","","","0","","[]","","","","","","","","","","","","","","","","12 LBS|6LBS","0|1|1",""
"BSN TRUE MASS","bsn-true-mass","4133","","","publish","0","2019-10-25 07:31:46","0","1","open","","no","no","","","instock","no","no","4500","3999","","","","","taxable","","","","no","","","'-1","'-1","","","","","","","https://dailydose.fit/wp-content/uploads/2019/10/BSN-TRUE-MASS-1.jpg | https://dailydose.fit/wp-content/uploads/2019/10/BSN-TRUE-MASS2.jpg","","BSN","simple","","Gainers","","","0","0","","","","","","","","","","","","","","","","","","","0","","[]","","","","","","","","","","","","","","","","5.82 LBS","0|1|1",""
"BSN 1200 TRUE MASS","bsn-1200-true-mass","4134","","","publish","0","2019-10-25 07:32:52","0","1","open","","no","no","","","instock","no","no","2121","111","","","","","taxable","","","","no","","","'-1","'-1","","","","","","","https://dailydose.fit/wp-content/uploads/2019/10/BSN-1200-TRUE-MASS.jpg | https://dailydose.fit/wp-content/uploads/2019/10/BSN-1200-TRUE-MASS2-1.jpg","","BSN","simple","","Gainers","","","0","","","","","","","","","","","","","","","","","","","","1","","[]","","","","","","","","","","","","","","","","4708 GM","0|1|1",""
"SCIVATION XTEND BCAAs","scivation-xtend-bcaas","4137","","","publish","0","2019-10-25 07:39:33","0","1","open","","no","no","","","instock","no","no","2999","1475","","","","","taxable","","","","no","","","'-1","'-1","","","","","","","https://dailydose.fit/wp-content/uploads/2019/10/SCIVATION-XTEND-BCAAs-1.jpg | https://dailydose.fit/wp-content/uploads/2019/10/SCIVATION-XTEND-BCAAs1-1.jpg","","Bcaa","simple","","BCAA","","","0","","","","","","","","","","","","","","","","","","","default","0","","","","","","","","","","","","","","","","","","30 SERVINGS","1|1|1",""
"MUSCLEPHARM (MP) BCAA 03:01:02","musclepharm-mp-bcaa-030102","4138","","","publish","0","2019-10-25 07:41:10","0","1","open","","no","no","","","instock","no","no","2499","1150","","","","","taxable","","","","no","","","'-1","'-1","","","","","","","https://dailydose.fit/wp-content/uploads/2019/10/MUSCLEPHARM-MP-BCAA-03_01_02.jpg","","Bcaa","simple","","BCAA","","","0","","","","","","","","","","","","","","","","","","","default","0","","","","","","","","","","","","","","","","","","216 GM","0|1|1",""
"FA NUTRITION FA CORE BCAA 8:1:1","fa-nutrition-fa-core-bcaa-811","4142","","","publish","0","2019-10-25 07:46:28","0","1","open","","no","no","","","instock","no","no","1234","123","","","","","taxable","","","","no","","","'-1","'-1","","","","","","","https://dailydose.fit/wp-content/uploads/2019/10/FA-NUTRITION-FA-CORE-BCAA-8_1_1.jpg","","Bcaa","simple","","BCAA","","","0","","","","","","","","","","","","","","","","","","","default","0","","","","","","","","","","","","","","","","","","350 GM","0|1|1",""
"INSANE LABZ PSYCHOTIC INFUSED PREWORKOUT","insane-labz-psychotic-infused-preworkout","4143","","","publish","0","2019-10-25 07:47:33","0","1","open","","no","no","","","instock","no","no","3499","1450","","","","","taxable","","","","no","","","'-1","'-1","","","","","","","https://dailydose.fit/wp-content/uploads/2019/10/INSANE-LABZ-PSYCHOTIC-INFUSED-PREWORKOUT-1.jpg | https://dailydose.fit/wp-content/uploads/2019/10/INSANE-LABZ-PSYCHOTIC-INFUSED-PREWORKOUT1.jpg","","","simple","","Uncategorized|Pre Workout","","","0","","","","","","","","","","","","","","","","","","","","0","","","","","","","","","","","","","","","","","","220GM","0|1|1",""
"INSANE LABZ GOLD PSYCHOTIC PRE WORKOUT","insane-labz-gold-psychotic-pre-workout","4144","","","publish","0","2019-10-25 07:48:44","0","1","open","","no","no","","","instock","no","no","2342","1223","","","","","taxable","","","","no","","","'-1","'-1","","","","","","","https://dailydose.fit/wp-content/uploads/2019/10/INSANE-LABZ-GOLD-PSYCHOTIC-PRE-WORKOUT.jpg","","","simple","","Pre Workout","","","0","","","","","","","","","","","","","","","","","","","default","0","","","","","","","","","","","","","","","","","","35 SERVING","0|1|1",""
"GAT NITRAFLEX (BLUE RASBERRY) PRE WORKOUT","gat-nitraflex-blue-rasberry-pre-workout","4145","","","publish","0","2019-10-25 07:50:14","0","1","open","","no","no","","","instock","no","no","3199","1550","","","","","taxable","","","","no","","","'-1","'-1","","","","","","","https://dailydose.fit/wp-content/uploads/2019/10/GAT-NITRAFLEX-BLUE-RASBERRY-PRE-WORKOUT-1.jpg | https://dailydose.fit/wp-content/uploads/2019/10/GAT-NITRAFLEX-BLUE-RASBERRY-PRE-WORKOUT1.jpg","","Gat","simple","","Pre Workout","","","0","","","","","","","","","","","","","","","","","","","default","0","","","","","","","","","","","","","","","","","","30 SERVINGS","0|1|1",""
"GAT NITRAFLEX (ORANGE) PRE WORKOUT","gat-nitraflex-orange-pre-workout","4146","","","publish","0","2019-10-25 07:51:26","0","1","open","","no","no","","","instock","no","no","42324","23232","","","","","taxable","","","","no","","","'-1","'-1","","","","","","","https://dailydose.fit/wp-content/uploads/2019/10/GAT-NITRAFLEX-ORANGE-PRE-WORKOUT-1.jpg | https://dailydose.fit/wp-content/uploads/2019/10/GAT-NITRAFLEX-ORANGE-PRE-WORKOUT1.jpg","","Gat","simple","","Pre Workout","","","0","","","","","","","","","","","","","","","","","","","default","0","","","","","","","","","","","","","","","","","","30 SERVINGS","0|1|1",""
"GAT NITRAFLEX (FRUIT PUNCH) PRE WORKOUT","gat-nitraflex-fruit-punch-pre-workout","4147","","","publish","0","2019-10-25 07:53:11","0","1","open","","no","no","","","instock","no","no","2232","323","","","","","taxable","","","","no","","","'-1","'-1","","","","","","","https://dailydose.fit/wp-content/uploads/2019/10/GAT-NITRAFLEX-FRUIT-PUNCH-PRE-WORKOUT-1.jpg","","Gat","simple","","Pre Workout","","","0","","","","","","","","","","","","","","","","","","","default","0","","","","","","","","","","","","","","","","","","30 SERVINGS","0|1|1",""
"GAT NITRAFLEX (BLACK CHERRY) PRE WORKOUT","gat-nitraflex-black-cherry-pre-workout","4149","","","publish","0","2019-10-25 07:54:14","0","1","open","","no","no","","","instock","no","no","1233","","","","","","taxable","","","","no","","","'-1","'-1","","","","","","","https://dailydose.fit/wp-content/uploads/2019/10/GAT-NITRAFLEX-BLACK-CHERRY-PRE-WORKOUT-1.jpg | https://dailydose.fit/wp-content/uploads/2019/10/GAT-NITRAFLEX-BLACK-CHERRY-PRE-WORKOUT2.jpg","","Gat","simple","","Pre Workout","","","0","","","","","","","","","","","","","","","","","","","default","0","","","","","","","","","","","","","","","","","","30 SERVINGS","0|1|1",""
"GAT NITRAFLEX (GREEN APPLE) PRE WORKOUT","gat-nitraflex-green-apple-pre-workout","4150","","","publish","0","2019-10-25 07:55:14","0","1","open","","no","no","","","instock","no","no","1212","212","","","","","taxable","","","","no","","","'-1","'-1","","","","","","","https://dailydose.fit/wp-content/uploads/2019/10/GAT-NITRAFLEX-GREEN-APPLE-PRE-WORKOUT-1.jpg | https://dailydose.fit/wp-content/uploads/2019/10/GAT-NITRAFLEX-GREEN-APPLE-PRE-WORKOUT2-1.jpg","","Gat","simple","","Pre Workout","","","0","","","","","","","","","","","","","","","","","","","default","0","","","","","","","","","","","","","","","","","","30 SERVINGS","0|1|1",""
"GAT NITRAFLEX (PINA COLADA) PRE WORKOUT","gat-nitraflex-pina-colada-pre-workout","4152","","","publish","0","2019-10-25 07:56:02","0","1","open","","no","no","","","instock","no","no","21323","3232","","","","","taxable","","","","no","","","'-1","'-1","","","","","","","https://dailydose.fit/wp-content/uploads/2019/10/GAT-NITRAFLEX-PINA-COLADA-PRE-WORKOUT-1.jpg","","Gat","simple","","Pre Workout","","","0","","","","","","","","","","","","","","","","","","","default","0","","","","","","","","","","","","","","","","","","30 SERVINGS","0|1|1",""
"GAT NITRAFLEX (PEACH MANGO)","gat-nitraflex-peach-mango","4153","","","publish","0","2019-10-25 07:56:56","0","1","open","","no","no","","","instock","no","no","1123","1111","","","","","taxable","","","","no","","","'-1","'-1","","","","","","","https://dailydose.fit/wp-content/uploads/2019/10/GAT-NITRAFLEX-PEACH-MANGO_original.jpg","","Gat","simple","","Pre Workout","","","0","","","","","","","","","","","","","","","","","","","","0","","","","","","","","","","","","","","","","","","30 SERVINGS","0|1|1",""
"MUSCLE PHARM ASSAULT SPORT PRE WORKOUT","muscle-pharm-assault-sport-pre-workout","4155","","","publish","0","2019-10-25 07:59:22","0","1","open","","no","no","","","instock","no","no","2999","1350","","","","","taxable","","","","no","","","'-1","'-1","","","","","","","https://dailydose.fit/wp-content/uploads/2019/10/MUSCLE-PHARM-ASSAULT-SPORT-PRE-WORKOUT.png","","","simple","","Pre Workout","","","0","","","","","","","","","","","","","","","","","","","default","0","","","","","","","","","","","","","","","","","","30 SERVINGS","0|1|1",""
"NUTRITION+ CELLUCOR C4 PRE WORKOUT","nutrition-cellucor-c4-pre-workout","4156","","","publish","0","2019-10-25 08:03:26","0","1","open","","no","no","","","instock","no","no","3234","232","","","","","taxable","","","","no","","","'-1","'-1","","","","","","","https://dailydose.fit/wp-content/uploads/2019/10/NUTRITION-CELLUCOR-C4-PRE-WORKOUT-1.jpg","","Cellucor","simple","","Pre Workout","","","0","","","","","","","","","","","","","","","","","","","default","0","","","","","","","","","","","","","","","","","","30 SERVINGS","0|1|1",""
"COBRA LABS THE CURSE PRE WORKOUT","cobra-labs-the-curse-pre-workout","4157","","","publish","0","2019-10-25 08:04:36","0","1","open","","no","no","","","instock","no","no","3299","1350","","","","","taxable","","","","no","","","'-1","'-1","","","","","","","https://dailydose.fit/wp-content/uploads/2019/10/COBRA-LABS-THE-CURSE-PRE-WORKOUT-1.jpg","","","simple","","Pre Workout","","","0","","","","","","","","","","","","","","","","","","","default","0","","","","","","","","","","","","","","","","","","250 GM","0|1|1",""
"PROSUPPS, MR. HYDE, NITRO X, PREWORKOUT","prosupps-mr-hyde-nitro-x-preworkout","4160","","","publish","0","2019-10-25 08:58:25","0","1","open","","no","no","","","instock","no","no","3499","1500","","","","","taxable","","","","no","","","'-1","'-1","","","","","","","https://dailydose.fit/wp-content/uploads/2019/10/PROSUPPS-MR.-HYDE-NITRO-X-PREWORKOUT.png","","","simple","","Pre Workout","","","0","","","","","","","","","","","","","","","","","","","","0","","","","","","","","","","","","","","","","","","222GM|7.8OZ","0|1|1",""
"UNIVERSAL NUTRITION DAILY FORMULA, MULTIVITAMIN","universal-nutrition-daily-formula-multivitamin","4161","","","publish","0","2019-10-25 08:59:12","0","1","open","","no","no","","","instock","no","no","1100","675","","","","","taxable","","","","no","","","'-1","'-1","","","","","","","https://dailydose.fit/wp-content/uploads/2019/10/UNIVERSAL-NUTRITION-DAILY-FORMULA-MULTIVITAMIN.jpg | https://dailydose.fit/wp-content/uploads/2019/10/UNIVERSAL-NUTRITION-DAILY-FORMULA-MULTIVITAMIN1.jpg","","","simple","","Health Supplements","","","0","","","","","","","","","","","","","","","","","","","","0","","","","","","","","","","","","","","","","","","100 TABS","0|1|1",""
"NOW FOODS OMRGA-3 MOLECULARLY DISTILLED FISH OIL","now-foods-omrga-3-molecularly-distilled-fish-oil","4162","","","publish","0","2019-10-25 09:17:54","0","1","open","","no","no","","","instock","no","no","1499","700","","","","","taxable","","","","no","","","'-1","'-1","","","","","","","https://dailydose.fit/wp-content/uploads/2019/10/NOW-FOODS-OMRGA-3-MOLECULARLY-DISTILLED-FISH-OIL-1.jpg","","","simple","","Health Supplements","","","0","","","","","","","","","","","","","","","","","","","","0","","","","","","","","","","","","","","","","","","100 SOFTGEL","0|1|1",""
"NOW FOODS ULTRA OMEGA-3 FISH OIL","now-foods-ultra-omega-3-fish-oil","4165","","","publish","0","2019-10-25 09:19:50","0","1","open","","no","no","","","instock","no","no","1499","123","","","","","taxable","","","","no","","","'-1","'-1","","","","","","","https://dailydose.fit/wp-content/uploads/2019/10/NOW-FOODS-ULTRA-OMEGA-3-FISH-OIL-2.jpg","","","simple","","Health Supplements","","","0","","","","","","","","","","","","","","","","","","","","0","","","","","","","","","","","","","","","","","","90 SOFTGEL","0|1|0",""
"MUSCLE TECH ESSENTIAL SERIES PLATINUM FISH OIL","muscle-tech-essential-series-platinum-fish-oil","4167","","","publish","0","2019-10-25 09:26:51","0","1","open","","no","no","","","instock","no","no","1500","800","","","","","taxable","","","","no","","","'-1","'-1","","","","","","","https://dailydose.fit/wp-content/uploads/2019/10/MSCEFISH01000000CP-1000__48842.1467156051.1280.1280.png | https://dailydose.fit/wp-content/uploads/2019/10/images-1-1.jpeg","","","simple","","Health Supplements","","","0","","","","","","","","","","","","","","","","","","","","0","","","","","","","","","","","","","","","","","","100 CAPSULES","0|1|1",""
"OPTIMUM NUTRITION (ON) FISH OIL OMEGA-3 FATTY ACID","optimum-nutrition-on-fish-oil-omega-3-fatty-acid","4168","","","publish","0","2019-10-25 09:27:54","0","1","open","","no","no","","","instock","no","no","1497","950","","","","","taxable","","","","no","","","'-1","'-1","","","","","","","https://dailydose.fit/wp-content/uploads/2019/10/fish-oil-100-softgels-optimum-nutrition-omega-3-fischoele-supplements-201-8515-4.png","","Optimum Nutrition","simple","","Health Supplements","","","0","","","","","","","","","","","","","","","","","","","","0","","","","","","","","","","","","","","","","","","100 SOFTGEL","0|1|1",""
"OPTIMUM NUTRITION ENTERIC-COATED FISH OIL -300 MG","optimum-nutrition-enteric-coated-fish-oil-300-mg","4169","","","publish","0","2019-10-25 09:28:50","0","1","open","","no","no","","","instock","no","no","7000","5000","","","","","taxable","","","","no","","","'-1","'-1","","","","","","","https://dailydose.fit/wp-content/uploads/2019/10/OPTIMUM-NUTRITION-ON-FISH-OIL-OMEGA-3-FATTY-ACID-1.png | https://dailydose.fit/wp-content/uploads/2019/10/OPTIMUM-NUTRITION-ON-FISH-OIL-OMEGA-3-FATTY-ACID1-1.png","","Optimum Nutrition","simple","","Health Supplements","","","0","","","","","","","","","","","","","","","","","","","","0","","","","","","","","","","","","","","","","","","200 SOFTGEL","0|1|1",""
"MUSCLETECH PERFOMANCE SERIES HYDROXICUT HARDCORE NEXR GEN","muscletech-perfomance-series-hydroxicut-hardcore-nexr-gen","4170","","","publish","0","2019-10-25 09:29:49","0","1","open","","no","no","","","instock","no","no","2999","1500","","","","","taxable","","","","no","","","'-1","'-1","","","","","","","https://dailydose.fit/wp-content/uploads/2019/10/MUSCLETECH-PERFOMANCE-SERIES-HYDROXICUT-HARDCORE-NEXR-GEN-1.jpg | https://dailydose.fit/wp-content/uploads/2019/10/MUSCLETECH-PERFOMANCE-SERIES-HYDROXICUT-HARDCORE-NEXR-GEN1-1.jpg","","MuscleTech","simple","","Fat Burner","","","0","","","","","","","","","","","","","","","","","","","","0","","","","","","","","","","","","","","","","","","100 CAPSULES","0|1|1",""
"ABSN SVELTE PRO FAT BURNER","absn-svelte-pro-fat-burner","4171","","","publish","0","2019-10-25 09:30:30","0","1","open","10000","no","no","","","instock","no","no","1700","1050","","","","","taxable","","","","no","","","'-1","'-1","","","","","","","https://dailydose.fit/wp-content/uploads/2019/10/images2.png","","BSN","simple","","Fat Burner","","","0","","","","","","","","","","","","","","","","","","","default","70","","[]","off","0","","","","off","","","off","off","whole","1572602168","Banana|Chocolate","1|1|1","","30 CAPS","0|1|1",""
"NUTREX LIPO6 BLACK ULTRA CONCENTRATE FAT BURNER","nutrex-lipo6-black-ultra-concentrate-fat-burner","4173","","","publish","0","2019-10-25 09:31:18","0","1","open","","no","no","","","instock","no","no","3999","1300","","","","","taxable","","","","no","","","'-1","'-1","","","","","","","https://dailydose.fit/wp-content/uploads/2019/10/prd_794273-Nutrex-Lipo6-Black-UC-60-capsules-Unflavoured_o.jpg | https://dailydose.fit/wp-content/uploads/2019/10/NUTREX-LIPO6-BLACK-ULTRA-CONCENTRATE-FAT-BURNER2.jpg","","","simple","","Fat Burner","","","0","","","","","","","","","","","","","","","","","","","","0","","","","","","","","","","","","","","","","","","60 CAPS","0|1|0",""
"CLASSIC NUTRITION CLOMA PHARMA METHYLDRENE 25 FAT BURNER","classic-nutrition-cloma-pharma-methyldrene-25-fat-burner","4174","","","publish","0","2019-10-25 09:32:57","0","1","open","","no","no","","","instock","no","no","3000","1025","","","","","taxable","","","","no","","","'-1","'-1","","","","","","","https://dailydose.fit/wp-content/uploads/2019/10/images.jpg | https://dailydose.fit/wp-content/uploads/2019/10/CLASSIC-NUTRITION-CLOMA-PHARMA-METHYLDRENE-25-FAT-BURNER.jpg","","","simple","","Fat Burner","","","0","","","","","","","","","","","","","","","","","","","","0","","","","","","","","","","","","","","","","","","100 CAPSULES","0|1|0",""
"Cloma Pharma Black Spider Fat Burner 100 Caps","cloma-pharma-black-spider-fat-burner","4175","","","publish","0","2019-10-25 09:34:06","0","1","open","","no","no","","","instock","no","no","3000","1050","","","","","taxable","","","","no","","","'-1","'-1","","","","","","","https://dailydose.fit/wp-content/uploads/2019/10/spider.png","","","simple","","Fat Burner","","","0","","","","","","","","","","","","","","","","","","","","0","","","","","","","","","","","","","","","","","","100 CAPSULES","0|1|0",""
"MUSCLETECH ESSENTIAL SERIES PLATINUM 100% L-CARNITINE","muscletech-essential-series-platinum-100-l-carnitine-2","4176","","","publish","0","2019-10-25 09:35:11","0","1","open","","no","no","","","instock","no","no","1600","850","","","","","taxable","","","","no","","","'-1","'-1","","","","","","","https://dailydose.fit/wp-content/uploads/2019/10/MUSCLETECH-ESSENTIAL-SERIES-PLATINUM-100-L-CARNITINE-1.jpg | https://dailydose.fit/wp-content/uploads/2019/10/MUSCLETECH-ESSENTIAL-SERIES-PLATINUM-100-L-CARNITINE3.jpg","","MuscleTech","simple","","Fat Burner","","","0","","","","","","","","","","","","","","","","","","","","0","","","","","","","","","","","","","","","","","","60 CAPSULES","0|1|1",""
"Muscle Pharm Carnitine Core Liquid Diet Supplement, Citrus, 30 Servings 16 oz 473ml","musclepharm-cla-core","4181","","","publish","0","2019-10-25 09:37:34","0","1","open","","no","no","","","instock","no","no","900","865","","","","","taxable","","","","no","","","'-1","'-1","","","","","","","https://dailydose.fit/wp-content/uploads/2019/10/MUSCLEPHARM-CLA-CORE-1.jpg","","","simple","","Health Supplements","","","0","","","","","","","","","","","","","","","","","","","default","0","","","","","","","","","","","","","","","","","","90 SOFTGEL","0|1|1",""
"KEVIN LEVRONE BLACK LINE BCAA DEFENDER","kevin-levrone-black-line-bcaa-defender","4325","","","publish","0","2019-10-29 06:11:04","0","1","open","","no","no","","","instock","no","no","2500","1350","","","","","taxable","","","","no","","","'-1","'-1","","","","","","","https://dailydose.fit/wp-content/uploads/2019/10/KEVIN-LEVRONE-BLACK-LINE-BCAA-DEFENDER.png","","Bcaa","simple","","BCAA","","","0","","","","","","","","","","","","","","","","","","","default","7","","","","","","","","","","","","","","","","","","243 GM|25 SERVINGS","0|1|1",""
"FA NUTRITION CORE PUMP ENERGIZER PRE WORKOUT","fa-nutrition-core-pump-energizer-pre-workout","4360","","","publish","0","2019-10-29 06:48:05","0","1","open","","no","no","","","instock","no","no","2500","1300","","","","","taxable","","","","no","","","'-1","'-1","","","","","","","https://dailydose.fit/wp-content/uploads/2019/10/FA-NUTRITION-CORE-PUMP-ENERGIZER-PRE-WORKOUT.png","","","simple","","Pre Workout","","","0","","","","","","","","","","","","","","","","","","","default","0","","","","","","","","","","","","","","","","","","216 GM|45 SERVING","0|1|1",""
"MUSCLETECH ESSENTIAL SERIES PLATINUM MULTI VITAMIN","muscletech-essential-series-platinum-multi-vitamin","4375","","","publish","0","2019-10-29 07:01:13","0","1","open","","no","no","","","instock","no","no","1499","950","","","","","taxable","","","","no","","","'-1","'-1","","","","","","","https://dailydose.fit/wp-content/uploads/2019/10/MUSCLETECH-ESSENTIAL-SERIES-PLATINUM-MULTI-VITAMIN-1.jpg | https://dailydose.fit/wp-content/uploads/2019/10/MUSCLETECH-ESSENTIAL-SERIES-PLATINUM-MULTI-VITAMIN1.jpg","","MuscleTech","simple","","Health Supplements","","","0","","","","","","","","","","","","","","","","","","","","23","","","","","","","","","","","","","","","","","","90TABS","0|1|1",""
"OPTIMUM NUTRITION(ON) GOLD STANDARD 100% WHEY PROTEIN POWDER","optimum-nutritionon-gold-standard-100-whey-protein-powder","4611","","","publish","0","2019-11-01 04:53:26","0","10","open","","no","no","","","instock","no","no","7699","4800","","","","","taxable","","","","no","","","'-1","'-1","","","","","","","https://dailydose.fit/wp-content/uploads/2019/11/81ukk4sIqlL._SL1500_.jpg","","Optimum Nutrition","simple","","Proteins","","","0","0","","","","","","","","","","","","","","","","","","","0","","","","","","","","","","","","","","","","","","5LBS","0|1|0",""
"BSN Amino X â€“ 30 Servings (Green Apple) 435 g","bsn-amino-x","5981","","","publish","0","2019-11-21 05:37:32","0","1","open","","no","no","","","instock","no","no","1700","1624","","","","","taxable","","","","no","","","'-1","'-1","","","","","","","https://dailydose.fit/wp-content/uploads/2019/11/Amino-X.jpg","","BSN","simple","","BCAA","","","0","","","","","","","","","","","","","","","","","","","default","0","","","","","","","","","","","","","","","","","","","",""
"Nutrex Health Express Lipo 6 Black Training Pre- Workout -30 Services","lipo-6-black-training","5985","","","publish","0","2019-11-21 05:41:16","0","1","open","","no","no","","","instock","no","no","1900","1799","","","","","taxable","","","","no","","","'-1","'-1","","","","","","","https://dailydose.fit/wp-content/uploads/2019/11/LIPO-6-BLACK-TRAINING.png","","","simple","","Pre Workout","","","0","","","","","","","","","","","","","","","","","","","default","0","","","","","","","","","","","","","","","","","","","",""
"Doctor's Choice EAA (Essential Amino Acids) Best For Intra-Workout/Post-Workout Advanced Formula 300g [30 Servings - Lightning Lime]","eaa-essential-amino-acids","5988","","","publish","0","2019-11-21 05:50:08","0","1","open","","no","no","","","instock","no","no","1700","1499","","","","","taxable","","","","no","","","'-1","'-1","","","","","","","https://dailydose.fit/wp-content/uploads/2019/11/essential_amind_acids.jpg","","","simple","","BCAA","","","0","","","","","","","","","","","","","","","","","","","default","0","","","","","","","","","","","","","","","","","","","",""
"Doctor's Choice PRE-X5 Blend Professional Pre-Workout Formula 375g [25 Servings - Orange & Mango]","pre-pro","5991","","","publish","0","2019-11-21 05:55:26","0","1","open","","no","no","","","instock","no","no","1600","1499","","","","","taxable","","","","no","","","'-1","'-1","","","","","","","https://dailydose.fit/wp-content/uploads/2019/11/professional_preworkout_formula.jpg","","","simple","","Pre Workout","","","0","","","","","","","","","","","","","","","","","","","default","0","","","","","","","","","","","","","","","","","","","",""
"Universal Nutrition-Zma Protein 90Caps","zma-pro","5993","","","publish","0","2019-11-21 06:02:07","0","1","open","","no","no","","","instock","no","no","9000","8651.62","","","","","taxable","","","","no","","","'-1","'-1","","","","","","","https://dailydose.fit/wp-content/uploads/2019/11/ZMA-Pro.jpg","","","simple","","Health Supplements","","","0","","","","","","","","","","","","","","","","","","","default","2","","","","","","","","","","","","","","","","","","","",""
"GNC AMP Gold Series 100% Whey Protein Advanced 4.4lb","gnc-amp-gold-series-100-whey-protein","5995","","","publish","0","2019-11-21 06:09:58","0","1","open","","no","no","","","instock","no","no","5000","4799","","","","","taxable","","","","no","","","'-1","'-1","","","","","","","https://dailydose.fit/wp-content/uploads/2019/11/GNC-AMP-Gold-Series-100-Whey-Protein-Advanced.jpg","","","simple","","Proteins","","","0","","","","","","","","","","","","","","","","","","","default","1","","","","","","","","","","","","","","","","","","","",""
"Ultimate Nutrition Prostar 100% Whey Protein 5.28lbs","ultimate-nutrition-prostar-100-whey-protein","5999","","","publish","0","2019-11-21 06:14:10","0","1","open","","no","no","","","instock","no","no","7000","6499","","","","","taxable","","","","no","","","'-1","'-1","","","","","","","https://dailydose.fit/wp-content/uploads/2019/11/ULTIMATE-NUTRITION-PROSTAR-100-WHEY-PROTEIN-5-1-1.jpg","","","simple","","Proteins","","","0","0","","","","","","","","","","","","","","","","","","default","0","","","","","","","","","","","","","","","","","","","",""
"Universal Nutrition Animal Cuts - 42 Pack","universal-nutrition-animal-stak","6002","","","publish","0","2019-11-21 06:22:55","0","1","open","","no","no","","","instock","no","no","4000","3898","","","","","taxable","","","","no","","","'-1","'-1","","","","","","","https://dailydose.fit/wp-content/uploads/2019/11/animal_stack_web.jpg","","Animal","simple","","Health Supplements","","","0","","","","","","","","","","","","","","","","","","","default","0","","","","","","","","","","","","","","","","","","","",""
"GAT SPORT Testrol Gold ES - 60 Tablets","testrol-original","6268","","","publish","0","2019-11-23 06:43:22","0","1","open","","no","no","","","instock","no","no","2000","1949","","","","","taxable","","","","no","","","'-1","'-1","","","","","","","https://dailydose.fit/wp-content/uploads/2019/11/testrol-original.png","","Gat","simple","","Pre Workout","","","0","","","","","","","","","","","","","","","","","","","default","0","","","","","","","","","","","","","","","","","","","",""
"Cobra Labs The Ripper Weight Loss Supplement, Razor Lime, 30 Servings, 0.33 Pound","the-ripper","6272","","","publish","0","2019-11-23 06:50:14","0","1","open","","no","no","","","instock","no","no","2999","2699","","","","","taxable","","","","no","","","'-1","'-1","","","","","","","https://dailydose.fit/wp-content/uploads/2019/11/theripper.png","","","simple","","Fat Burner","","","0","","","","","","","","","","","","","","","","","","","default","0","","","","","","","","","","","","","","","","","","","",""
"Nutrex Research Liquid L-Carnitine 16 fl oz (473 ml) (Cherry Lime)","liquid-carnitine","6274","","","publish","0","2019-11-23 07:04:26","0","1","open","","no","no","","","instock","no","no","5000","4841","","","","","taxable","","","","no","","","'-1","'-1","","","","","","","https://dailydose.fit/wp-content/uploads/2019/11/liquid-carnitine-3000_.png","","","simple","","Fat Burner","","","0","","","","","","","","","","","","","","","","","","","default","0","","","","","","","","","","","","","","","","","","","",""
"Cellucor C4 Ripped - 60 Servings(Orange Burst)","cellucor-c4","6281","","","publish","0","2019-11-23 07:39:55","0","1","open","","no","no","","","instock","no","no","3000","2699","","","","","taxable","","","","no","","","'-1","'-1","","","","","","","https://dailydose.fit/wp-content/uploads/2019/11/cellucor-c4.png","","Cellucor","simple","","Pre Workout","","","0","","","","","","","","","","","","","","","","","","","default","1","","","","","","","","","","","","","","","","","","","",""
"Myprotein Impact Whey Protein 2.5 kg","impact-whey-protein","6284","","","publish","0","2019-11-23 07:41:10","0","1","open","","no","no","","","instock","no","no","2","1","","","","","taxable","","","","no","","","'-1","'-1","","","","","","","https://dailydose.fit/wp-content/uploads/2019/11/impact-whey-protein.png","","","simple","","Proteins","","","0","","","","","","","","","","","","","","","","","","","default","2","","","","","","","","","","","","","","","","","","","",""
"dummy product","dummy-product","7053","","","publish","0","2019-12-11 06:04:34","0","1","open","","no","no","","","instock","no","no","2","1","","","","","taxable","","","","no","","","'-1","'-1","","","","","","","https://dailydose.fit/wp-content/uploads/2019/11/ULTIMATE-NUTRITION-PROSTAR-100-WHEY-PROTEIN-5-1-1.jpg","","","simple","","Uncategorized","","","0","","","","","","","","","","","","","","","","","","","","0","","","","","","","","","","","","","","","","","","","",""
